{
  "train_losses": [
    1.8440875265408645,
    1.4573861607773737,
    1.298592340539802,
    1.2068704268471762,
    1.1432842273603787,
    1.0949383340775967,
    1.0560247410427441,
    1.0257048396901651,
    1.0036328125067733,
    0.9774905886839736,
    0.9637331332672726,
    0.9498474821448326,
    0.9183005446737463,
    0.9118044945326719,
    0.8978461731563915,
    0.8713481732728806,
    0.8390353039245714,
    0.7862731675532731,
    0.7247554058717056,
    0.6746001277457584,
    0.6271284415640614,
    0.5959614769301631,
    0.5682797360826622,
    0.5524375748566606,
    0.5455486569553614,
    0.5409113634377718,
    0.5350687080486254,
    0.530540777539665,
    0.5372584165835922,
    0.5299651693891395,
    0.5285813488404859,
    0.5202176614918492,
    0.5383496648547325,
    0.5377759459343824,
    0.5192451488903977,
    0.5143352233889428,
    0.5186410793526606,
    0.5448466788300059,
    0.5182524360716343,
    0.5218003578484058,
    0.5289428679441864,
    0.5141169096935879,
    0.5161018915135752,
    0.5344791666350581,
    0.5158393962139433,
    0.5140087555416606,
    0.5321136514910243,
    0.5206926627592607,
    0.5145481518385085,
    0.5275997477160259
  ],
  "val_losses": [
    1.6910525202751159,
    1.6389590322971344,
    1.5265365451574326,
    1.5493221938610078,
    1.4580591946840287,
    1.5004070788621902,
    1.4727435171604157,
    1.533633902668953,
    1.511907970905304,
    1.7001065284013748,
    1.5391751781105996,
    1.586550661921501,
    1.4180254310369491,
    1.40311249345541,
    1.689455944299698,
    1.5135241776704789,
    1.5497158154845239,
    1.3233148753643036,
    1.4109512344002724,
    1.1385751605033874,
    1.0130756929516793,
    0.924888962507248,
    0.8920917481184005,
    0.7566960290074348,
    0.7500947311520576,
    0.7580781310796738,
    0.6611163079738617,
    0.6528664737939834,
    0.7119818046689034,
    0.6759872198104858,
    0.6519929692149162,
    0.6706049233675003,
    0.6115425229072571,
    0.5872298955917359,
    0.52987390011549,
    0.5648655816912651,
    0.61256944835186,
    0.5660225212574005,
    0.5419481098651886,
    0.6591896250844002,
    0.5473336294293404,
    0.5209409043192863,
    0.672077576816082,
    0.5702392622828484,
    0.5184183567762375,
    0.5307002142071724,
    0.750908000767231,
    0.5398679628968239,
    0.5172404512763024,
    0.5871082112193108
  ],
  "train_accs": [
    0.3046391708247194,
    0.4347261739048091,
    0.4909904794767499,
    0.5271597927944227,
    0.5508167739449576,
    0.5678351011804559,
    0.5807119167663835,
    0.5912770393558524,
    0.5983896709301255,
    0.6089064588939602,
    0.6127742379903793,
    0.6184239973398772,
    0.6303543377329003,
    0.6323720719665289,
    0.6390196027403529,
    0.6492991549047556,
    0.6633350234478712,
    0.688314800574021,
    0.7185226402838122,
    0.7401505407284606,
    0.7607407199049537,
    0.7730528046800331,
    0.7835168213668194,
    0.788485944440419,
    0.7906186016784473,
    0.7914713649925861,
    0.793249399824576,
    0.7949115298688412,
    0.7923216658898375,
    0.7948661556636746,
    0.7950950098985975,
    0.7980355489999056,
    0.7913391845808788,
    0.7917524994435635,
    0.7983798101883043,
    0.7998268963261084,
    0.79838375645605,
    0.789691359820691,
    0.7985973166809841,
    0.7973524462431669,
    0.7949085743589834,
    0.7998135797679424,
    0.7990900352597237,
    0.7929041516035795,
    0.7992942275648768,
    0.7998278825120493,
    0.7940365719524297,
    0.7976883223110979,
    0.7997026067565788,
    0.7952799600633708
  ],
  "val_accs": [
    0.37453125715255736,
    0.4277734436094761,
    0.4813281334936619,
    0.5197656318545342,
    0.5469140768051147,
    0.5560156375169754,
    0.5639843866229057,
    0.5675000146031379,
    0.5816015675663948,
    0.5658203229308129,
    0.5958203226327896,
    0.6062890753149986,
    0.6241406351327896,
    0.6242968872189522,
    0.5996093869209289,
    0.6240625098347664,
    0.6451172009110451,
    0.6866015732288361,
    0.6974609479308128,
    0.7337500110268593,
    0.7569922044873237,
    0.7650390774011612,
    0.7723046958446502,
    0.7791796967387199,
    0.7767187625169754,
    0.7790625095367432,
    0.7900000140070915,
    0.7913671985268593,
    0.7857031330466271,
    0.7781640753149986,
    0.7933984518051147,
    0.7886328279972077,
    0.7923828274011612,
    0.7930859506130219,
    0.7988281354308129,
    0.7972265750169754,
    0.7850000143051148,
    0.792382824420929,
    0.7980078235268593,
    0.7879296988248825,
    0.7978125110268592,
    0.7991797015070915,
    0.7889843866229057,
    0.7961718872189522,
    0.7994921997189521,
    0.798828138411045,
    0.7644921973347664,
    0.7987890779972077,
    0.7996484488248825,
    0.7858593851327896
  ],
  "val_exact_accs": [
    0.0086,
    0.0194,
    0.043,
    0.0666,
    0.103,
    0.13,
    0.131,
    0.145,
    0.176,
    0.1402,
    0.224,
    0.242,
    0.2834,
    0.2804,
    0.187,
    0.288,
    0.3468,
    0.5094,
    0.5414,
    0.65,
    0.7304,
    0.747,
    0.766,
    0.7812,
    0.7726,
    0.781,
    0.8024,
    0.806,
    0.8038,
    0.768,
    0.8088,
    0.796,
    0.8058,
    0.8072,
    0.8148,
    0.815,
    0.7916,
    0.81,
    0.8154,
    0.792,
    0.8144,
    0.8166,
    0.8014,
    0.8098,
    0.8174,
    0.8154,
    0.7056,
    0.8158,
    0.8172,
    0.7798
  ]
}