{
  "train_losses": [
    0.28905330244198846,
    0.007077344226373431,
    0.00010616138692807254,
    2.4567421395493414e-05,
    1.1294759746416645e-05,
    6.452225997768132e-06,
    4.1222754258144734e-06,
    2.993025588603776e-06,
    2.0440102034830164e-06,
    1.5003934262227694e-06,
    1.1302168974061976e-06,
    8.673944050544738e-07,
    6.724760425957577e-07,
    5.224119002976429e-07,
    4.1257017099228753e-07,
    3.2882896608969144e-07,
    2.643854462387328e-07,
    2.1353808390816263e-07,
    1.732535777888804e-07,
    1.4113967554926502e-07,
    1.1515385864595082e-07,
    9.431207403825141e-08
  ],
  "val_losses": [
    0.000845162847810248,
    0.00028331566541573577,
    3.867616668443749e-05,
    1.5391881224556378e-05,
    8.198306958651233e-06,
    5.027144934616974e-06,
    3.3482570882059217e-06,
    2.4132923039060995e-06,
    1.7380888842045708e-06,
    1.2940683671078222e-06,
    9.864602915674564e-07,
    7.608710512049353e-07,
    5.880486370026834e-07,
    4.615376645929994e-07,
    3.656409774786097e-07,
    2.9349655775765507e-07,
    2.3659504780091912e-07,
    1.9147806450389538e-07,
    1.5572782467211543e-07,
    1.271516200458906e-07,
    1.0387825404919407e-07,
    8.515002216686126e-08
  ],
  "train_accs": [
    0.9101936889532656,
    0.9985296246342765,
    1.0,
    1.0,
    1.0,
    1.0,
    1.0,
    1.0,
    1.0,
    1.0,
    1.0,
    1.0,
    1.0,
    1.0,
    1.0,
    1.0,
    1.0,
    1.0,
    1.0,
    1.0,
    1.0,
    1.0
  ],
  "val_accs": [
    1.0,
    1.0,
    1.0,
    1.0,
    1.0,
    1.0,
    1.0,
    1.0,
    1.0,
    1.0,
    1.0,
    1.0,
    1.0,
    1.0,
    1.0,
    1.0,
    1.0,
    1.0,
    1.0,
    1.0,
    1.0,
    1.0
  ],
  "val_exact_accs": [
    0.574,
    0.8589,
    0.8783,
    0.8816,
    0.883,
    0.8839,
    0.8846,
    0.8773,
    0.8774,
    0.8778,
    0.878,
    0.8779,
    0.8784,
    0.8792,
    0.8792,
    0.8797,
    0.8802,
    0.8798,
    0.8797,
    0.88,
    0.8805,
    0.8805
  ]
}