{
  "train_losses": [
    1.8354959779165008,
    1.5211308439346878,
    1.3746097206392072,
    1.2792768380181356,
    1.214280440048738,
    1.1633443551307374,
    1.12395990639925,
    1.0885941884057089,
    1.0593936213038184,
    1.039681751281023,
    1.020713813433593,
    1.0036961559883573,
    0.9885609342970632,
    0.981408107009801,
    0.9590766636485403,
    0.9510702500966463,
    0.9382380734790455,
    0.9306399944153699,
    0.9220841874114492,
    0.9149397520179098,
    0.9045331239361655,
    0.8914383199404586,
    0.8914623043753884,
    0.8724919603290883,
    0.8746539108793844,
    0.854397548531944,
    0.8584619255905802,
    0.8477712873030793,
    0.843179436569864,
    0.8339112534780394,
    0.8316794950515032,
    0.8251071511344477,
    0.8167831523513253,
    0.8132941352034156,
    0.8067289929498326,
    0.8046122018925168,
    0.7903180728581819,
    0.7895488237792795,
    0.7853451100262728,
    0.7859451725062999,
    0.7694803986021064,
    0.773545076223937,
    0.7626971458508209,
    0.7568818654187701,
    0.7659320778806101,
    0.7596135296943513,
    0.7456421278078448,
    0.7462745764377442,
    0.7473876142705028,
    0.7414291020144116
  ],
  "val_losses": [
    1.7229744881391524,
    1.513424152135849,
    1.3928034603595734,
    1.3494306534528733,
    1.3114374965429305,
    1.2823246657848357,
    1.292448753118515,
    1.2584154665470124,
    1.2636643826961518,
    1.260593631863594,
    1.2627366662025452,
    1.2489198863506317,
    1.2641585230827332,
    1.2284648731350898,
    1.2603998348116874,
    1.2447092235088348,
    1.2706459552049636,
    1.2742995917797089,
    1.2949581533670425,
    1.2674590051174164,
    1.2619914621114732,
    1.335449555516243,
    1.2484668537974357,
    1.2652385234832764,
    1.2746224224567413,
    1.2547733247280122,
    1.3440986469388008,
    1.3371847510337829,
    1.2876586377620698,
    1.3017296835780143,
    1.2801406621932983,
    1.2712106108665466,
    1.3654329031705856,
    1.3115727305412292,
    1.328369455039501,
    1.3019796520471574,
    1.2988090470433236,
    1.3055733308196067,
    1.2698097839951514,
    1.2745443493127824,
    1.317660464346409,
    1.278730134665966,
    1.240064737200737,
    1.2997918367385863,
    1.317521944642067,
    1.407797846198082,
    1.3355103701353073,
    1.302016454935074,
    1.4695329010486602,
    1.3085785642266274
  ],
  "train_accs": [
    0.3110775782366876,
    0.41980597588487645,
    0.47235736928202887,
    0.5076290352100675,
    0.5322921722280708,
    0.5511038245802576,
    0.5642958020960743,
    0.5769442589106885,
    0.586424807594581,
    0.5919266021387144,
    0.5979896739802577,
    0.6043871459974484,
    0.6089089250361378,
    0.6116822654889389,
    0.6204757663336667,
    0.6226020076058127,
    0.6280914755030111,
    0.6295750600031831,
    0.6334240964867852,
    0.6356938640502366,
    0.6400346358052709,
    0.6454969729212198,
    0.6442387866025622,
    0.6532680439678106,
    0.6510120847008445,
    0.6605454065244306,
    0.6575688636777076,
    0.6619984146884896,
    0.6632832351394675,
    0.6672319014641371,
    0.667335968972607,
    0.6702937697145072,
    0.6746961921453476,
    0.6749186326156963,
    0.678263111886653,
    0.6793102032758973,
    0.6851942388510163,
    0.6853076791898771,
    0.6864504527977922,
    0.6859330731359395,
    0.6933263406496156,
    0.6913460916416212,
    0.697138387709856,
    0.6991556320678104,
    0.6936296676708893,
    0.6970930121500384,
    0.7042500332675197,
    0.703547693619674,
    0.7024088652635162,
    0.7053947795859792
  ],
  "val_accs": [
    0.3686328172683716,
    0.43187500461935996,
    0.47929688096046447,
    0.5030078195035458,
    0.5257422015070915,
    0.53777344673872,
    0.5454687610268593,
    0.5626562625169754,
    0.5664062619209289,
    0.5743359506130219,
    0.5746484503149987,
    0.5836328223347664,
    0.5849218875169754,
    0.5951171964406967,
    0.5934375107288361,
    0.6024218872189522,
    0.5996484488248826,
    0.604843758046627,
    0.6031250104308128,
    0.6080078259110451,
    0.6147265717387199,
    0.6047265723347663,
    0.6267968893051148,
    0.625781261920929,
    0.6290234521031379,
    0.6285156369209289,
    0.6116015776991844,
    0.6223828241229057,
    0.6384765729308128,
    0.6321875065565109,
    0.6376953288912773,
    0.6402343869209289,
    0.6285156384110451,
    0.6459375083446502,
    0.6358203217387199,
    0.6477343872189522,
    0.652148449420929,
    0.6493750080466271,
    0.6583984524011612,
    0.6567187592387199,
    0.6539843887090683,
    0.6580078259110451,
    0.6667187616229058,
    0.6603125125169754,
    0.6613671988248825,
    0.650390638411045,
    0.6657031357288361,
    0.6742578253149987,
    0.6560546919703484,
    0.6765625149011611
  ],
  "val_exact_accs": [
    0.0096,
    0.0236,
    0.0474,
    0.0574,
    0.079,
    0.0998,
    0.112,
    0.1308,
    0.143,
    0.1708,
    0.1612,
    0.183,
    0.1816,
    0.213,
    0.2136,
    0.235,
    0.2198,
    0.2352,
    0.2364,
    0.237,
    0.2578,
    0.2232,
    0.2998,
    0.295,
    0.3064,
    0.3006,
    0.2346,
    0.2734,
    0.3374,
    0.2986,
    0.3264,
    0.3228,
    0.2836,
    0.3494,
    0.3018,
    0.356,
    0.3764,
    0.3684,
    0.4014,
    0.3978,
    0.3826,
    0.3934,
    0.4256,
    0.4064,
    0.4124,
    0.3676,
    0.4318,
    0.4718,
    0.403,
    0.4746
  ]
}