{
  "train_losses": [
    0.7823737690243097,
    0.08402055275802034,
    0.005762531921213951,
    0.0019261405004349095,
    0.0053531523922624915,
    0.0007566623199104775,
    0.00043876275645952803,
    0.0003050102527493599,
    0.00022598909460173284,
    0.00017356304871178746,
    0.00013632910085203032,
    0.00010860976043842382,
    8.70368820152055e-05,
    7.083096200028976e-05,
    5.7895890302333484e-05,
    4.776277271452354e-05,
    3.951700709760375e-05,
    3.292833994397114e-05,
    2.7114076234144382e-05,
    2.267123449427528e-05,
    1.8902820722458842e-05,
    1.5924207916007767e-05,
    1.3328407650709133e-05,
    1.1122890890882976e-05,
    9.353690028439623e-06,
    7.945662391735684e-06,
    6.627907290917668e-06,
    5.59950269478914e-06,
    4.748077603966313e-06,
    4.000885499222501e-06,
    3.3611876934416407e-06,
    2.865270365751544e-06,
    2.404740433022538e-06,
    2.0412955128963854e-06,
    1.7243931490981912e-06,
    1.4456867307735854e-06,
    1.227346698627729e-06,
    1.034213780509488e-06,
    8.714540490691085e-07,
    7.419418221098849e-07,
    6.245565132870073e-07,
    5.268156044508396e-07,
    4.461313380943466e-07,
    3.765206332872957e-07,
    3.1858723996294383e-07,
    2.6833297995787947e-07,
    2.2836919952670648e-07,
    1.9267548046640857e-07,
    1.627720251463687e-07,
    1.35905972102067e-07
  ],
  "val_losses": [
    0.3960720527021191,
    0.015065982065434698,
    0.002912716565747993,
    0.001371469442980199,
    0.0011485579329295248,
    0.0005796398249855619,
    0.00037470742429406207,
    0.0002697498623806323,
    0.00020616861573078587,
    0.00016102548544972995,
    0.0001273150204885692,
    0.00010164833693585323,
    8.279814237884918e-05,
    6.822645321600376e-05,
    5.562538353842683e-05,
    4.588313016869552e-05,
    3.7786346494405874e-05,
    3.183553546270697e-05,
    2.6239135198161017e-05,
    2.1865031963967295e-05,
    1.842276766712783e-05,
    1.5622492896851972e-05,
    1.292976310052629e-05,
    1.1030789290641764e-05,
    9.151475475121089e-06,
    7.681461289693392e-06,
    6.500365031305465e-06,
    5.5106664356433706e-06,
    4.657614554852893e-06,
    4.006418921447601e-06,
    3.363498432077858e-06,
    2.8832372134021644e-06,
    2.358561157708681e-06,
    2.0149035248599646e-06,
    1.7113005452313389e-06,
    1.4428558145056418e-06,
    1.2142590111568409e-06,
    1.0223631719885748e-06,
    8.660084358204666e-07,
    7.339693024157066e-07,
    6.195604417463315e-07,
    5.295983385167347e-07,
    4.4899602514731993e-07,
    3.806987584810002e-07,
    3.1691920347654987e-07,
    2.688838389410274e-07,
    2.273527518484484e-07,
    1.936044773274952e-07,
    1.650550759922214e-07,
    1.3720011307651487e-07
  ],
  "train_accs": [
    0.7119653996187277,
    0.9778876516003959,
    0.9998774665613144,
    0.9999909233361387,
    0.9988836038607759,
    1.0,
    1.0,
    1.0,
    1.0,
    1.0,
    1.0,
    1.0,
    1.0,
    1.0,
    1.0,
    1.0,
    1.0,
    1.0,
    1.0,
    1.0,
    1.0,
    1.0,
    1.0,
    1.0,
    1.0,
    1.0,
    1.0,
    1.0,
    1.0,
    1.0,
    1.0,
    1.0,
    1.0,
    1.0,
    1.0,
    1.0,
    1.0,
    1.0,
    1.0,
    1.0,
    1.0,
    1.0,
    1.0,
    1.0,
    1.0,
    1.0,
    1.0,
    1.0,
    1.0,
    1.0
  ],
  "val_accs": [
    0.8699295143537884,
    0.9989301615123507,
    0.9999460593054567,
    1.0,
    1.0,
    1.0,
    1.0,
    1.0,
    1.0,
    1.0,
    1.0,
    1.0,
    1.0,
    1.0,
    1.0,
    1.0,
    1.0,
    1.0,
    1.0,
    1.0,
    1.0,
    1.0,
    1.0,
    1.0,
    1.0,
    1.0,
    1.0,
    1.0,
    1.0,
    1.0,
    1.0,
    1.0,
    1.0,
    1.0,
    1.0,
    1.0,
    1.0,
    1.0,
    1.0,
    1.0,
    1.0,
    1.0,
    1.0,
    1.0,
    1.0,
    1.0,
    1.0,
    1.0,
    1.0,
    1.0
  ],
  "val_exact_accs": [
    0.0235,
    0.1525,
    0.1864,
    0.2047,
    0.2879,
    0.2729,
    0.2778,
    0.2818,
    0.2811,
    0.2791,
    0.2785,
    0.2815,
    0.288,
    0.2814,
    0.2878,
    0.2873,
    0.2894,
    0.2935,
    0.2918,
    0.2913,
    0.2896,
    0.2932,
    0.2937,
    0.2852,
    0.2901,
    0.294,
    0.2943,
    0.294,
    0.2949,
    0.2935,
    0.2979,
    0.2954,
    0.2981,
    0.2993,
    0.2972,
    0.2991,
    0.2983,
    0.3,
    0.3025,
    0.2999,
    0.301,
    0.3019,
    0.308,
    0.3079,
    0.3074,
    0.3055,
    0.3058,
    0.3059,
    0.3154,
    0.3118
  ]
}